parameter,value
lor3_sigma,0.3022829860342812
lor3_center,4.990153012943574
lor3_amplitude,2.896214501225831
lor2_sigma,0.488147244369626
lor2_center,5.999552950764068
lor2_amplitude,3.583802062688245
lor1_sigma,0.5423191231797747
lor1_center,4.1119021135530645
lor1_amplitude,5.724683734270284
lin1_intercept,-6.272734367614672
lin1_slope,0.8298257822369753
